3,0,1,12,8,11,5,7,14,4,18,9,13,16,10,6,15,2,17,19
S100a9,RGD1559482,Sparc,Hbb,Tpt1,Np4,ENSRNOG00000062930,S100a9,Mfap5,AABR07060872.1,Mcpt9,Plac8,Cd74,Igfbp7,Cd74,LOC100359583,Ebf1,G0s2,Ifi30,Col2a1
S100a8,Cd68,Col3a1,Hba-a1,Rpl13,RatNP-3b,Col1a1,Camp,Sfrp4,Rps11,Mcpt10,Fcnb,RT1-Ba,Col4a1,AABR07060872.1,Hnrnpa2b1,Clvs1,Fth1,Siglech,Snorc
Retnlg,Lgmn,Serpinh1,Ahsp,Rpl13a,Defa5,Sparc,Tf,Ackr3,Cd79a,Hdc,Lyz2,RT1-Da,Tm4sf1,Cd79a,Cd79a,Mt-co3,Cxcl2,Rpl31,Ecrg4
Gng10-1,Ctss,Col1a1,Car2,Rplp1,Serpinb1a,Col3a1,S100a8,Serping1,Ighm,RGD1559662,Hopx,RT1-Db1,Hspb1,Ighm,Stmn1,ENSRNOG00000062930,Nos2,Rnase6,Hapln1
Lrg1,Cd14,Col1a2,Gypa,Rps23,Hmgn2,Col1a2,Ngp,Clec3b,Hnrnpa2b1,Il1rl1,Ly6c,RT1-Bb,Gng11,Rps11,Rps11,Mt-atp6,Il1b,Cyb561a3,Col11a1
Pglyrp1,Npc2,Bgn,Slc4a1,Rps27,Srgn,Fn1,Anxa1,Htra3,Oaz1,Srgn,Rpl10,Cst3,Cavin3,Fcmr,Cd24,Mt-co1,Hcar2,Psap,Col9a3
Tyrobp,Psap,Col5a2,Prdx2,Rps21,Nkg7,Hspa1b,Pglyrp1,C4b,Plac8,Prg2,Rplp0,Rplp0,Pdlim1,RT1-Db1,Hmgb2,Mt-nd1,Srgn,Tcf4,Sparc
G0s2,Fxyd2,Pcolce,Ybx3,AABR07017902.1,Ms4a3,Vim,Ceacam4,Dcn,Hsp90ab1,Fcer1a,Actg1,Ifi30,Col18a1,Ms4a1,Ezh2,Mt-nd2,Cebpb,Plac8,Comp
S100a11,Pf4,Fstl1,Alas2,B3galt4,LOC24906,Lum,Lcn2,Dpt,Cd72,Rgs1,Gpx1,Rpl10,Col4a2,RT1-Da,Rps29,Mt-cyb,Fcer1g,Spint2,Cnmd
MGC105649,Clec4a3,Ifitm3,Glrx5,Eef1a1,Camp,Lgals1,Ifitm6,Col3a1,Tifa,Cma1,Psap,Syngr2,Vps25,Cd83,AABR07035218.1,Bach2,Sod2,Pld4,Col9a2
Sirpal1,Lgals3,Dcn,Hemgn,Rpl32,Defa5-ps2,S100a6,LOC24906,C1s,Ebf1,Ms4a2,Coro1a,Ifitm1,Vim,Cxcr4,Rpl18a,Mt-nd4,Plin2,Gpr171,Col9a1
Mmp8,Ctsb,Cthrc1,Rhd,B2m,Mpo,Serpinh1,Sri,Serpinf1,Rps27,Plek,RT1-DMa,Lsp1,Crip2,Rpl35,Ppia,H4f3,Ccl3,Bst2,Mgp
Gadd45a,Aif1,Col6a1,RGD1565355,Rpl18a,Mgst1,S100a4,Dstn,Cxcl12,Rpl27,Itm2b,Ly49si2,Cst7,Cav1,Rps27,Hmgb2l1,Mt-co2,Il1rn,Serp1,Cst3
Ccl6,Folr2,Ppic,Tmcc2,Rpl23a,S100a8,S100a10,Serpinb1a,Col14a1,Rpl24,Gata2,Cd14,Rps2,Ifi27,Ifi30,Dut,Spats1,B2m,Ap1s2,Mt1
Lyz2,Cstb,Nupr1l1,Lgals5,Cd3e,Serpinb10,Dcn,Gng10-1,C1r,LOC687780,Cpa3,Ccr2,Rps27a,Ifitm3,Rpl13a,Rpl28,Mt-nd3,Nfkbia,Tspan13,Mia
Hcar2,Apoe,Col6a2,Fech,Rps29,LOC120099372,Col6a1,Tmsb4x,Rarres2,Cd24,Tax1bp1,LOC24906,Atox1,Apold1,Cd69,H2az1,H1f4,Il1r2,Cd7,Col11a2
Slfn4,Mafb,Vkorc1,Hmbs,Rps15,S100a9,Htra1,Hp,C4a,Rpl17,Csf2rb,Gm2a,Zc3h10,Sparc,Cd79b,Ighm,Foxp1,Lilrb4,Cd164,Fmod
Tmsb4x,RT1-DMa,Aebp1,Slc25a37,Rpl23,Defa11,Bgn,Plbd1,Igfbp6,Clvs1,Nkg7,S100a6,RT1-DMa,Emp1,Hsp90ab1,Tubb5,Aff3,Slpi,Ftsj1,Bgn
Eif1,Gpx1,Timp1,Blvrb,Rplp2,Cox5a,Col5a2,Cd177,Gfpt2,Rps14,Rgs2,Rps9,Tmsb10,Hspa1b,RT1-Ba,Rps6-1,H1f5,Bcl2a1,Rgs1,Ccn2
Alox5ap,Ftl1,Selenom,Sec61g,Rps4x,Dstn,Tmsb10,Msrb1,Has1,Tpt1,Dnase2b,Glipr1,Nr4a3,Mcam,Plac8,Rplp1,Mt-nd5,Slfn4,Rpl10,Mt2A
Nudt4,Ctsl,Lgals1,Tfrc,Rps15a,Fam111a,Timp1,Fpr2,LOC108348067,Rpl35,Lat2,Cybb,LOC102547700,Esam,Rps15,Rpl15,Arhgap15,H3f3a,Errfi1,PCOLCE2
Stfa2l3,Ctsz,ENSRNOG00000064136,Rhag,Rpl21-1,Hmgb2,Crip1,Arhgdib,Mfap2,Rpl13a,Sqstm1,Pycard,Actb,Sparcl1,Crem,H2az2,Hist1h2bo,Tax1bp1,Grn,Acan
Chi3l1,Tmem176b,Serpinf1,Bcas2,Rps16,Sri,Cd63,Actb,Ctsl,Rpl26,Car8,Pabpc1,Ikzf4,Col15a1,ENSRNOG00000064589,Rpl23a,ENSRNOG00000062927,Plaur,Tyrobp,Scrg1
Fcgr2a-ps1,Ninj1,Rcn1,Spta1,Rpl5,Plac8,Tnfaip6,Lcp1,Mmp2,Hsp90aa1,Samsn1,Mgst1,Psmb9,Fkbp1a,Rpl26,Rps16,Cecr2,Slfn2,Cd74,Chad
Sod2,Trem2,Lum,Tent5c,Rps14,Ctsg,Col6a2,LOC120099372,Ccdc80,Vpreb3,Gzmb,Calm1,Nr4a2,Eng,Rpl17,Rps12,Mgat5,Plek,Jchain,S100b
Napsa,Gpnmb,Rarres2,ENSRNOG00000067332,Rpl11,Hmgb2l1,Nme2,Gadd45a,Mt2A,Rpl19,Ets1,Rps14,Rpl18a,Procr,Btg1,Rps5,ENSRNOG00000068602,Arrdc3,RT1-Da,Cox4i2
Samsn1,Ifi30,Htra1,Mgst3,Rps12,Anxa1,Rps20-ps10,Napsa,Fstl1,Sub1,Syngr1,LOC691141,Eef1a1,Pecam1,Rps8,Rpl19,hist1h2ail2,Ccl6,Runx3,Tsc22d1
Camp,Glul,Mmp2,Urod,Rps27a,Elane,Mt-cyb,Plscr1,Il33,LOC100359583,Degs1,Unc93b1,Id2,C2H1orf54,Rpl24,Rpl11,Srrm2,Tyrobp,Flt3,Prelp
Msrb1,Dab2,Cavin3,Aqp1,Rpl24,Plscr1,Fstl1,Tkt,Plat,Rpl5,Basp1,Rnaset2,Rpl27,Cd151,Rps23,Rpl27,Hist1h4m-3,Ifit3,Irf8,Vkorc1
Itm2b,Cd300le,Ppib,Klf1,Rpl19,B4galt6,Postn,Cklf,Col1a1,Rpl11,Mapkapk2,Cox5a,Rps4x,Plvap,Rpl23a,Rps27,Mki67,Fcgr2a-ps1,C1qbp,Serpinh1
H3f3a,Cyba,Gpx8,Cpox,Rpl30l2,Arhgdib,Pcolce,Lrg1,Cfb,Fcrla,Cd7,Rpl18,Rps19,Lmna,Cd72,Rplp2,Arid1b,Lrg1,Hpse,Ucma
Mcemp1,Cd63,Gja1,Sptb,Rps3,Tkt,Mt-nd1,Mmp8,Fndc1,LOC100365810,Gch1,Tkt,Mt-co2,Cdh5,ENSRNOG00000070540,Rpl13a,Prpf4b,Clec7a,Blnk,Papss2
LOC120095659,Gdf15,Sdc2,Xpo7,Rps19,Dut,Mt-nd2,Anxa3,Ugdh,Rpl23a,Mctp1,S100a10,Rel,Emcn,Ccr7,B3galt4,LOC102549173-2,Crem,Rgs2,Cpe
Il1r2,Hmox1,C1r,Mki67,Rpl15,Mctp1,Mt-nd4,Alox5ap,Tnfaip6,Rps15,Zfp36l2,LOC687780,Rpl14,Serpinh1,Rel,Rpl5,Rbm39,Sdcbp,LOC102547700,Plod2
Tf,Fabp5,Tceal9,Atp5if1,Rpl14,Clec12a,Mmp3,Rac2,Mt1,Rpl37,Vat1,Rpl7a,Rpl15,RGD1564664,Rps29,Oaz1,Tra2b,Mcl1,Rel,Crispld1
Nos2,Bcl2a1,Tnn,Kel,Rpl9-ps30,Alas1,Ppia,Chi3l1,Ubxn1,Rbm39,Sytl3,Ctsz,RT1-DMb,Flt1,LOC687780,Rps24,Camk2d,Scimp,LOC24906,Matn3
Gmfg,Pltp,Mmp14,Myo5c,Rpl34,Sun2,B3galt4,Serpinb10,Loxl1,Rps23,Rac2,Mgst2,Psme1,Selenom,Rpl27,Tifa,Fryl,Clec4e,Ccnd1,Chrdl1
Fcer1g,Ckb,Copz2,Bnip3l,Rpl26,Prtn3,Col5a3,Cpne3,Col1a2,Dnaja1,Chpt1,Cd68,Rps25,Rhoj,Rpl5,Tpt1,ENSRNOG00000066901,Ftl1,Prkar1a,Rplp1
Emb,Ctsd,Efemp2,Ucp2,Rpl37,C3,Plod2,Ifitm2,Mfap4,Rps15a,Gpr183,Cd302,Rps23,Gnas,Rpl18a,Rps3,Bcar3,Cd274,Unc93b1,Fam180a
Trem1,Ctsa,Tsc22d1,Ube2c,ENSRNOG00000063418,Degs2,Nupr1l1,Coro1a,Ifitm3,Rpl18a,Serpinb1a,Rpl24,Pfn1,Rhoc,Rps6-1,Rpl17,Mt-atp8,Eif1,Ctsz,Cd24
Trib1,Prdx1,Col5a1,Rbm38,Rps13,Ggh,Ctsk,Pfn1,Sparc,Rps6-1,Alox5ap,Itgb7,Fgl2,Myl12b,Rpl34,Hnrnpf,Sfpq,Cd53,Srsf7,Col27a1
Cxcr2,Slamf9,Gpx3,Emb,Rpl17,Rpia,Calr,Ifitm1,Ctsh,Rpl34,Alox5,Rps27a,B3galt4,S100a6,Rps15a,Rps19,Hist1h4b,Gadd45a,Sod1,Alpl
Prok2,Tmem176a,Mxra8,Bpgm,Rps24,Rgcc,Lmna,S100a11,Il6,Rpl15,Prpf4b,RT1-DMb,Rgs1,Fabp4,Rps14,Hnrnpa3,Tex14,Sirpal1,Tmsb10,Sox9
Ctsc,S100a4,Nme2,Isca1,LOC100365810,H2az1,Rps2,Actr3,Sod3,Rps12,Sat1,S100a4,Nap1l1,Ehd2,Rps3,Rps4x,Myb,Tspo,Cd47,Il17b
Osm,RT1-DMb,Aspn,Arf5,Rpl37a-ps1,Tuba4a,Mt-nd3,Orm1,Pcolce,Btg1,Cck,Rpl18a,Ckb,Tmsb10,Rps16,Myb,Ankrd33b,Ccrl2,Atp1b3,Col6a1
Lilrb4,Capg,Gpx7,Hist3h2ba,Rpl30,Plbd1,Mmp14,Slc2a3,Nbl1,Mt-co3,Ifitm1,Rps6-1,LOC100360413,Rbpms,Rps24,H3f3b,H2bc18,Fth1-ps5,Laptm5,Serpine1
Klf2,Sdc4,Serf2,Trak2,Rpl35,Syne1,Mt3,Cystm1,Fn1,Rps3,Kctd12,Rnase2,Bcl2a1,Tpm4,Mt-co3,Anp32e,Nbr1,Ets2,Pabpc1,Edil3
LOC120099372,Cst3,Nedd4,Ubac1,Rpl27,Gpi,Rps21,Mcemp1,Ly6e,Rpl30,Nucb2,Rps12,Cd83,Serpine1,Rpl30l2,Rpl36a,Prkce,Olr1,Ptprcap,Pth1r
Slpi,Pld3,Col6a3,Mkrn1,Rpl4,Anxa3,Mt-atp6,Retnlg,Gpx3,Cxcr4,Enpp3,Itm2b,Rps6-1,Ptms,Rplp1,Pclaf,Tmem131l,Cxcl3,Bcl11a,Mif
Stfa2l2,Cfh,Maged1,H1f4,Rplp0,Txn1,Cthrc1,Flot1,Lum,Rps29,Nipsnap3a,Taldo1,Rps24,Cdh13,Rps4x,Hnrnpd,Mt-nd4l,Nudt4,AABR07060872.1,Anxa8
