group,names,scores,logfoldchanges,pvals,pvals_adj
0,RGD1559482,167.7309,5.0085335,0.0,0.0
0,Cd68,152.07912,4.4304514,0.0,0.0
0,Lgmn,151.25435,4.1711597,0.0,0.0
0,Ctss,146.77298,4.067777,0.0,0.0
0,Cd14,146.07553,4.1726747,0.0,0.0
0,Npc2,143.56354,3.2500339,0.0,0.0
0,Psap,142.75882,2.8635771,0.0,0.0
0,Fxyd2,139.90424,4.6428294,0.0,0.0
0,Pf4,139.17404,4.611008,0.0,0.0
0,Clec4a3,134.6203,4.7351046,0.0,0.0
0,Lgals3,133.80273,2.8923123,0.0,0.0
0,Ctsb,132.59941,2.6646547,0.0,0.0
0,Aif1,131.24593,3.5521905,0.0,0.0
0,Folr2,130.09595,5.2020874,0.0,0.0
0,Cstb,128.59634,2.4411156,0.0,0.0
0,Apoe,128.54459,3.7602522,0.0,0.0
0,Mafb,128.26329,3.8866487,0.0,0.0
0,RT1-DMa,126.65673,3.616071,0.0,0.0
0,Gpx1,126.11403,2.1577976,0.0,0.0
0,Ftl1,126.052826,1.947964,0.0,0.0
0,Ctsl,125.814255,3.0515113,0.0,0.0
0,Ctsz,125.286705,3.1489244,0.0,0.0
0,Tmem176b,125.18096,4.398364,0.0,0.0
0,Ninj1,124.47392,2.902184,0.0,0.0
0,Trem2,124.460464,5.087124,0.0,0.0
0,Gpnmb,123.72528,3.3207989,0.0,0.0
0,Ifi30,123.03196,2.9405792,0.0,0.0
0,Glul,122.64027,2.8456435,0.0,0.0
0,Dab2,120.57789,3.3768172,0.0,0.0
0,Cd300le,120.232834,4.3515315,0.0,0.0
0,Cyba,118.6101,2.5100856,0.0,0.0
0,Cd63,118.354454,2.3681793,0.0,0.0
0,Gdf15,117.72059,4.0327897,0.0,0.0
0,Hmox1,117.09018,3.1807456,0.0,0.0
0,Fabp5,116.51869,2.9346411,0.0,0.0
0,Bcl2a1,115.12629,3.0237706,0.0,0.0
0,Pltp,114.45308,3.8808718,0.0,0.0
0,Ckb,114.00913,2.7947555,0.0,0.0
0,Ctsd,113.48988,2.6744537,0.0,0.0
0,Ctsa,112.89029,2.5414717,0.0,0.0
0,Prdx1,112.273224,2.3546467,0.0,0.0
0,Slamf9,110.74428,4.5726666,0.0,0.0
0,Tmem176a,110.54647,4.266004,0.0,0.0
0,S100a4,109.75915,2.6403637,0.0,0.0
0,RT1-DMb,109.40883,3.3261268,0.0,0.0
0,Capg,109.07327,2.5903854,0.0,0.0
0,Sdc4,108.832,2.6944268,0.0,0.0
0,Cst3,108.279366,2.5354297,0.0,0.0
0,Pld3,107.445786,3.3308542,0.0,0.0
0,Cfh,107.21424,3.5390174,0.0,0.0
1,Sparc,167.10437,4.262717,0.0,0.0
1,Col3a1,162.36832,3.9038618,0.0,0.0
1,Serpinh1,161.41063,4.308545,0.0,0.0
1,Col1a1,160.02364,3.7766478,0.0,0.0
1,Col1a2,159.15681,3.8473456,0.0,0.0
1,Bgn,154.79141,4.0910544,0.0,0.0
1,Col5a2,154.64616,4.249994,0.0,0.0
1,Pcolce,153.47212,4.341147,0.0,0.0
1,Fstl1,152.87352,4.28767,0.0,0.0
1,Ifitm3,150.86487,4.3753057,0.0,0.0
1,Dcn,150.66916,4.4165382,0.0,0.0
1,Cthrc1,149.06023,4.4240775,0.0,0.0
1,Col6a1,148.67566,4.1239414,0.0,0.0
1,Ppic,148.21487,4.3316774,0.0,0.0
1,Nupr1l1,148.0013,4.442021,0.0,0.0
1,Col6a2,147.21176,4.0369215,0.0,0.0
1,Vkorc1,146.04248,3.9175613,0.0,0.0
1,Aebp1,145.77876,4.265396,0.0,0.0
1,Timp1,145.48703,3.8719468,0.0,0.0
1,Selenom,145.33264,4.259119,0.0,0.0
1,Lgals1,144.64616,3.4154077,0.0,0.0
1,ENSRNOG00000064136,144.39662,4.1894965,0.0,0.0
1,Serpinf1,143.96893,4.194447,0.0,0.0
1,Rcn1,143.42036,3.9187565,0.0,0.0
1,Lum,143.2945,3.9601986,0.0,0.0
1,Rarres2,143.28462,4.2974334,0.0,0.0
1,Htra1,141.64131,3.8538465,0.0,0.0
1,Mmp2,141.2513,3.9562852,0.0,0.0
1,Cavin3,141.085,4.128423,0.0,0.0
1,Ppib,140.20532,2.8774319,0.0,0.0
1,Gpx8,140.06085,4.3734612,0.0,0.0
1,Gja1,139.29039,3.769161,0.0,0.0
1,Sdc2,139.06682,4.114329,0.0,0.0
1,C1r,138.89352,3.9853725,0.0,0.0
1,Tceal9,138.80704,3.7222645,0.0,0.0
1,Tnn,137.72852,4.0202594,0.0,0.0
1,Mmp14,137.5938,3.5724638,0.0,0.0
1,Copz2,137.43556,4.267471,0.0,0.0
1,Efemp2,137.24243,4.013571,0.0,0.0
1,Tsc22d1,137.13069,3.6547444,0.0,0.0
1,Col5a1,136.79247,3.7859674,0.0,0.0
1,Gpx3,136.73401,3.9642603,0.0,0.0
1,Mxra8,136.73152,4.2080293,0.0,0.0
1,Nme2,136.4391,2.9313414,0.0,0.0
1,Aspn,136.25949,4.3137984,0.0,0.0
1,Gpx7,136.22643,4.142655,0.0,0.0
1,Serf2,135.97302,2.0756712,0.0,0.0
1,Nedd4,135.93153,3.469908,0.0,0.0
1,Col6a3,135.88712,3.8611667,0.0,0.0
1,Maged1,135.63234,4.039127,0.0,0.0
2,G0s2,146.5503,6.2064834,0.0,0.0
2,Fth1,141.6542,2.873398,0.0,0.0
2,Cxcl2,139.60786,5.182177,0.0,0.0
2,Nos2,137.65553,5.0321245,0.0,0.0
2,Il1b,131.9161,4.8553247,0.0,0.0
2,Hcar2,131.66608,5.18032,0.0,0.0
2,Srgn,130.45222,3.6076233,0.0,0.0
2,Cebpb,124.92412,3.1069949,0.0,0.0
2,Fcer1g,124.10791,3.1679406,0.0,0.0
2,Sod2,123.62078,2.8565695,0.0,0.0
2,Plin2,115.837265,3.7239516,0.0,0.0
2,Ccl3,112.16831,4.935485,0.0,0.0
2,Il1rn,112.10964,4.6213713,0.0,0.0
2,B2m,108.73639,1.3988703,0.0,0.0
2,Nfkbia,105.64882,2.1569254,0.0,0.0
2,Il1r2,103.51979,4.372245,0.0,0.0
2,Lilrb4,101.59965,3.3329952,0.0,0.0
2,Slpi,101.33724,4.195744,0.0,0.0
2,Bcl2a1,101.3124,3.2471066,0.0,0.0
2,Slfn4,100.5572,3.8422592,0.0,0.0
2,H3f3a,93.325134,1.2378625,0.0,0.0
2,Tax1bp1,91.892,2.5318668,0.0,0.0
2,Plaur,91.66517,2.6012936,0.0,0.0
2,Slfn2,90.57954,2.8531444,0.0,0.0
2,Plek,89.84029,2.9870272,0.0,0.0
2,Arrdc3,89.66608,3.1810906,0.0,0.0
2,Ccl6,85.61998,3.7304068,0.0,0.0
2,Tyrobp,85.46078,2.2692423,0.0,0.0
2,Ifit3,82.943214,4.7541904,0.0,0.0
2,Fcgr2a-ps1,82.6198,2.4499822,0.0,0.0
2,Lrg1,77.369965,3.0595613,0.0,0.0
2,Clec7a,75.184494,3.2198083,0.0,0.0
2,Crem,74.72331,2.2851343,0.0,0.0
2,Sdcbp,73.60072,1.7533658,0.0,0.0
2,Mcl1,73.13763,1.9120361,0.0,0.0
2,Scimp,72.83215,3.4008605,0.0,0.0
2,Clec4e,71.14219,3.9278815,0.0,0.0
2,Ftl1,70.764,1.2675428,0.0,0.0
2,Cd274,70.279495,4.5687304,0.0,0.0
2,Eif1,69.78611,0.79533273,0.0,0.0
2,Cd53,67.3482,1.8258702,0.0,0.0
2,Gadd45a,66.859436,2.025884,0.0,0.0
2,Sirpal1,66.28943,2.9027143,0.0,0.0
2,Tspo,65.85394,1.6397289,0.0,0.0
2,Ccrl2,65.16076,3.5582244,0.0,0.0
2,Fth1-ps5,63.20009,2.435247,0.0,0.0
2,Ets2,61.609905,2.8848913,0.0,0.0
2,Olr1,61.147907,3.4247735,0.0,0.0
2,Cxcl3,59.847816,2.9210317,0.0,0.0
2,Nudt4,59.074665,2.164293,0.0,0.0
3,S100a9,139.23598,5.54664,0.0,0.0
3,S100a8,135.68558,5.2917805,0.0,0.0
3,Retnlg,119.242775,6.4010534,0.0,0.0
3,Gng10-1,104.96315,2.6787364,0.0,0.0
3,Lrg1,103.44496,3.8380656,0.0,0.0
3,Pglyrp1,103.02209,4.555396,0.0,0.0
3,Tyrobp,100.75678,2.6541936,0.0,0.0
3,G0s2,98.619865,4.0624504,0.0,0.0
3,S100a11,95.757454,1.9948736,0.0,0.0
3,MGC105649,95.65483,3.1782022,0.0,0.0
3,Sirpal1,94.08111,4.098744,0.0,0.0
3,Mmp8,92.37833,4.911795,0.0,0.0
3,Gadd45a,90.75901,2.883118,0.0,0.0
3,Ccl6,90.67503,4.175377,0.0,0.0
3,Lyz2,90.492676,2.3790262,0.0,0.0
3,Hcar2,85.31093,3.578519,0.0,0.0
3,Slfn4,83.939255,3.4458563,0.0,0.0
3,Tmsb4x,81.893234,1.0746975,0.0,0.0
3,Eif1,80.5998,1.0249269,0.0,0.0
3,Alox5ap,78.88805,2.8170142,0.0,0.0
3,Nudt4,78.65438,2.6910894,0.0,0.0
3,Stfa2l3,78.41102,5.352874,0.0,0.0
3,Chi3l1,77.92384,3.2294426,0.0,0.0
3,Fcgr2a-ps1,77.33716,2.3808124,0.0,0.0
3,Sod2,77.19713,1.8279204,0.0,0.0
3,Napsa,76.25267,2.922839,0.0,0.0
3,Samsn1,75.5882,3.2918494,0.0,0.0
3,Camp,74.838394,2.9693217,0.0,0.0
3,Msrb1,74.41593,2.7924454,0.0,0.0
3,Itm2b,73.64773,1.338261,0.0,0.0
3,H3f3a,73.25663,1.0442445,0.0,0.0
3,Mcemp1,71.39195,3.031281,0.0,0.0
3,LOC120095659,71.18843,5.2619567,0.0,0.0
3,Il1r2,71.05779,2.950904,0.0,0.0
3,Tf,70.93924,2.559529,0.0,0.0
3,Nos2,69.97457,2.6436052,0.0,0.0
3,Gmfg,69.85341,1.7283443,0.0,0.0
3,Fcer1g,69.18291,1.968735,0.0,0.0
3,Emb,68.95087,2.3104122,0.0,0.0
3,Trem1,68.601395,2.928186,0.0,0.0
3,Trib1,67.451836,2.507622,0.0,0.0
3,Cxcr2,65.105255,3.3452854,0.0,0.0
3,Prok2,63.75989,4.4613304,0.0,0.0
3,Ctsc,63.24126,2.333675,0.0,0.0
3,Osm,63.18372,2.8924317,0.0,0.0
3,Lilrb4,62.40225,2.2482903,0.0,0.0
3,Klf2,61.823246,1.6699675,0.0,0.0
3,LOC120099372,61.747845,3.038404,0.0,0.0
3,Slpi,60.637226,2.5121524,0.0,0.0
3,Stfa2l2,60.36564,5.2227964,0.0,0.0
4,AABR07060872.1,104.873634,4.3790145,0.0,0.0
4,Rps11,103.21308,2.461981,0.0,0.0
4,Cd79a,100.46387,4.937707,0.0,0.0
4,Ighm,96.66529,4.3164887,0.0,0.0
4,Hnrnpa2b1,89.14608,1.8469192,0.0,0.0
4,Oaz1,86.98493,1.5394855,0.0,0.0
4,Plac8,86.857216,3.3995602,0.0,0.0
4,Hsp90ab1,84.49551,1.8945624,0.0,0.0
4,Cd72,81.620056,4.7745037,0.0,0.0
4,Tifa,80.975426,4.1096554,0.0,0.0
4,Ebf1,80.66902,3.687692,0.0,0.0
4,Rps27,79.306526,1.3953985,0.0,0.0
4,Rpl27,74.70206,1.5488946,0.0,0.0
4,Rpl24,74.135155,1.6421112,0.0,0.0
4,LOC687780,74.08388,1.2622321,0.0,0.0
4,Cd24,73.19163,4.012175,0.0,0.0
4,Rpl17,71.66407,1.4902852,0.0,0.0
4,Clvs1,71.04126,2.9598315,0.0,0.0
4,Rps14,70.92132,1.3868665,0.0,0.0
4,Tpt1,70.67087,1.0978974,0.0,0.0
4,Rpl35,69.758736,1.4985839,0.0,0.0
4,Rpl13a,68.988205,1.4120443,0.0,0.0
4,Rpl26,68.94767,1.5274204,0.0,0.0
4,Hsp90aa1,68.650795,1.7463095,0.0,0.0
4,Vpreb3,68.25098,4.8986263,0.0,0.0
4,Rpl19,67.1835,1.3876731,0.0,0.0
4,Sub1,67.01447,2.1704519,0.0,0.0
4,LOC100359583,66.81782,1.5215707,0.0,0.0
4,Rpl5,66.738754,1.5588808,0.0,0.0
4,Rpl11,66.66386,1.4639158,0.0,0.0
4,Fcrla,65.70358,4.43253,0.0,0.0
4,LOC100365810,63.684586,1.3591003,0.0,0.0
4,Rpl23a,63.05052,1.3788458,0.0,0.0
4,Rps15,62.537987,1.2481065,0.0,0.0
4,Rpl37,61.69001,1.2869264,0.0,0.0
4,Rbm39,60.526714,1.5839351,0.0,0.0
4,Rps23,59.803078,1.198154,0.0,0.0
4,Dnaja1,59.655457,1.4557267,0.0,0.0
4,Rps15a,59.636456,1.3329302,0.0,0.0
4,Rpl18a,59.36957,1.2375865,0.0,0.0
4,Rps6-1,59.08684,1.2818224,0.0,0.0
4,Rpl34,59.020863,1.2340896,0.0,0.0
4,Rpl15,58.64083,1.3152694,0.0,0.0
4,Rps12,58.461338,1.1552619,0.0,0.0
4,Btg1,58.432587,1.2980229,0.0,0.0
4,Mt-co3,58.23971,1.0237615,0.0,0.0
4,Rps3,57.557823,1.1766357,0.0,0.0
4,Rpl30,57.433117,1.2636386,0.0,0.0
4,Cxcr4,56.643867,1.9709109,0.0,0.0
4,Rps29,56.608055,0.98477006,0.0,0.0
5,ENSRNOG00000062930,56.686653,2.498369,0.0,0.0
5,Col1a1,44.483105,1.5291065,0.0,0.0
5,Sparc,40.484978,1.439027,0.0,0.0
5,Col3a1,39.42861,1.3455863,0.0,0.0
5,Col1a2,38.018726,1.3684429,0.0,0.0
5,Fn1,30.334848,1.1182103,3.9807977441396135e-202,1.1209926447497152e-199
5,Hspa1b,28.418573,0.88423795,1.1922423595133404e-177,2.678740280098058e-175
5,Vim,28.346703,0.6879814,9.190957450195377e-177,2.0432949615592245e-174
5,Lum,27.3802,1.12456,4.720531498495154e-165,9.495011928401681e-163
5,Lgals1,25.93506,0.98238593,2.680577385301752e-148,4.457779084848268e-146
5,S100a6,24.51048,0.9306857,1.1420836537002269e-132,1.5075504228842993e-130
5,Serpinh1,23.664799,1.0984353,8.311609118249593e-124,9.142770030074553e-122
5,S100a4,22.679861,0.94544655,7.081159147229063e-114,6.474202648895144e-112
5,S100a10,21.879564,0.7526518,4.067110050372289e-106,3.368524088778931e-104
5,Dcn,21.435152,1.1148622,6.2827207122459044e-102,4.790291026809874e-100
5,Col6a1,19.909107,1.1767659,3.39302853151975e-88,1.968702268837833e-86
5,Htra1,19.069874,1.3080392,4.493822343209727e-81,2.217512333845548e-79
5,Bgn,18.253645,0.884733,1.935526136344016e-74,8.42851793805889e-73
5,Col5a2,18.136219,1.0524335,1.650010987708825e-73,7.040046880890987e-72
5,Tmsb10,17.412086,0.44590697,6.680453824791811e-68,2.523992572085922e-66
5,Timp1,16.515234,0.8196379,2.850500248984654e-61,9.450952159898883e-60
5,Crip1,16.476639,0.4997876,5.400543575300594e-61,1.784968392963201e-59
5,Cd63,16.050909,0.48888347,5.6333521328672e-58,1.7267982154739517e-56
5,Tnfaip6,15.762893,0.8383474,5.6009550111922445e-56,1.6316161356742097e-54
5,Col6a2,14.825271,0.9881633,1.0057305756204449e-49,2.461301246477844e-48
5,Nme2,14.147976,0.49576446,1.922109868788467e-45,4.1593197160668463e-44
5,Rps20-ps10,13.53755,0.18481585,9.386713768894981e-42,1.8424479070544794e-40
5,Mt-cyb,13.412108,0.30164045,5.135787939217385e-41,9.878674068877156e-40
5,Fstl1,12.566222,0.8013916,3.23833738334778e-36,5.314194680365588e-35
5,Postn,12.440709,0.7309035,1.5710214088043768e-35,2.5405797973926827e-34
5,Pcolce,11.876111,0.76842207,1.575265014317759e-32,2.3200555859408e-31
5,Mt-nd1,11.678333,0.24308223,1.644895145438221e-31,2.350486161816998e-30
5,Mt-nd2,11.558596,0.15937588,6.679229364122719e-31,9.305100538936136e-30
5,Mt-nd4,11.557702,0.2593894,6.749077959530093e-31,9.396211371474988e-30
5,Mmp3,11.276721,1.1347666,1.710021734251357e-29,2.2600537564073003e-28
5,Ppia,10.883593,0.14194717,1.3801363685868011e-27,1.7085861725998383e-26
5,B3galt4,10.871378,0.15892617,1.5779983518981516e-27,1.9444180392117245e-26
5,Col5a3,10.4395685,1.141694,1.6355182900065587e-25,1.8824057920947422e-24
5,Plod2,10.3992405,0.98303974,2.4991669270006568e-25,2.8577371682866202e-24
5,Nupr1l1,10.190306,0.8364708,2.1907523549470068e-24,2.4237134487417904e-23
5,Ctsk,9.440548,1.1925752,3.70834985530497e-21,3.629302546063066e-20
5,Calr,9.348926,0.18123807,8.854292897117523e-21,8.546739761751467e-20
5,Lmna,9.058783,0.4159353,1.3191406414043555e-19,1.2208698661901835e-18
5,Rps2,8.933921,0.18193181,4.1117242236681407e-19,3.703181902084057e-18
5,Mt-nd3,8.862395,0.2555373,7.831313251298264e-19,6.978790542929086e-18
5,Mmp14,8.705458,0.7513889,3.1629506972561334e-18,2.758113902809642e-17
5,Mt3,8.690406,2.5064726,3.6114758995302535e-18,3.140155248994605e-17
5,Rps21,8.623981,0.032487184,6.466550070267258e-18,5.551769816424573e-17
5,Mt-atp6,8.610518,0.30091256,7.27307213756055e-18,6.234061832194756e-17
5,Cthrc1,8.294219,0.64541155,1.0930123988761428e-16,8.878623793947745e-16
6,LOC100359583,99.9294,3.04331,0.0,0.0
6,Hnrnpa2b1,88.09833,2.1587484,0.0,0.0
6,Cd79a,86.28228,4.5671754,0.0,0.0
6,Stmn1,86.195724,4.5793276,0.0,0.0
6,Rps11,85.22085,2.3237226,0.0,0.0
6,Cd24,83.31801,4.585005,0.0,0.0
6,Hmgb2,82.27777,3.7838323,0.0,0.0
6,Ezh2,78.11974,4.243403,0.0,0.0
6,Rps29,76.13715,1.5832702,0.0,0.0
6,AABR07035218.1,75.65949,3.2130842,0.0,0.0
6,Rpl18a,75.51935,1.8264115,0.0,0.0
6,Ppia,74.937454,2.0387979,0.0,0.0
6,Hmgb2l1,74.87334,3.6872952,0.0,0.0
6,Dut,74.12719,3.889861,0.0,0.0
6,Rpl28,73.296745,1.8775775,0.0,0.0
6,H2az1,73.12774,2.2670598,0.0,0.0
6,Ighm,73.04837,3.3642607,0.0,0.0
6,Tubb5,72.86941,2.6398423,0.0,0.0
6,Rps6-1,72.56047,1.9072727,0.0,0.0
6,Rplp1,72.52363,1.6014379,0.0,0.0
6,Rpl15,71.68322,1.8692356,0.0,0.0
6,H2az2,71.39144,2.8949275,0.0,0.0
6,Rpl23a,71.122765,1.7939657,0.0,0.0
6,Rps16,70.638954,1.6477574,0.0,0.0
6,Rps12,70.509674,1.6589262,0.0,0.0
6,Rps5,70.43798,1.8452126,0.0,0.0
6,Rpl19,69.18379,1.7021735,0.0,0.0
6,Rpl11,68.8815,1.7726893,0.0,0.0
6,Rpl27,68.7825,1.6704637,0.0,0.0
6,Rps27,68.76142,1.418543,0.0,0.0
6,Rplp2,68.42316,1.6296887,0.0,0.0
6,Rpl13a,67.46402,1.614437,0.0,0.0
6,B3galt4,67.061005,1.8439804,0.0,0.0
6,Rpl5,66.76771,1.8675438,0.0,0.0
6,Oaz1,66.52405,1.3615181,0.0,0.0
6,Rps24,66.43845,1.7347543,0.0,0.0
6,Tifa,66.28897,3.215101,0.0,0.0
6,Tpt1,66.235855,1.191867,0.0,0.0
6,Rps3,66.11506,1.6278412,0.0,0.0
6,Rpl17,66.09334,1.6558808,0.0,0.0
6,Hnrnpf,65.971405,2.18442,0.0,0.0
6,Rps19,65.898415,1.8094387,0.0,0.0
6,Hnrnpa3,65.810745,2.2780032,0.0,0.0
6,Rps4x,65.5975,1.8177369,0.0,0.0
6,Myb,65.59433,3.9259443,0.0,0.0
6,H3f3b,65.56991,1.7572874,0.0,0.0
6,Anp32e,65.51671,3.1539938,0.0,0.0
6,Rpl36a,65.39424,2.0177143,0.0,0.0
6,Pclaf,65.322655,4.2101727,0.0,0.0
6,Hnrnpd,65.216896,2.6551123,0.0,0.0
7,S100a9,95.26358,5.91939,0.0,0.0
7,Camp,92.83436,7.0639634,0.0,0.0
7,Tf,91.767784,5.2661853,0.0,0.0
7,S100a8,90.83614,5.785864,0.0,0.0
7,Ngp,87.83154,7.68242,0.0,0.0
7,Anxa1,87.50185,3.6326675,0.0,0.0
7,Pglyrp1,86.89695,5.3275075,0.0,0.0
7,Ceacam4,86.73052,5.491569,0.0,0.0
7,Lcn2,85.855286,5.886166,0.0,0.0
7,Ifitm6,83.91933,6.0563393,0.0,0.0
7,LOC24906,81.776085,4.6370163,0.0,0.0
7,Sri,78.20118,3.456406,0.0,0.0
7,Dstn,77.26894,2.875135,0.0,0.0
7,Serpinb1a,75.72626,4.050094,0.0,0.0
7,Gng10-1,75.340225,2.8146284,0.0,0.0
7,Tmsb4x,74.92808,1.5030836,0.0,0.0
7,Hp,73.25138,4.832576,0.0,0.0
7,Plbd1,72.67525,4.6214476,0.0,0.0
7,Cd177,71.53423,5.7474775,0.0,0.0
7,Msrb1,65.931046,3.0240803,0.0,0.0
7,Fpr2,65.46753,5.164923,0.0,0.0
7,Arhgdib,64.12526,2.4839308,0.0,0.0
7,Actb,63.581047,1.0201577,0.0,0.0
7,Lcp1,62.82547,2.635298,0.0,0.0
7,LOC120099372,62.641006,3.6310859,0.0,0.0
7,Gadd45a,62.378418,2.7695627,0.0,0.0
7,Napsa,61.07041,2.9584084,0.0,0.0
7,Plscr1,59.584927,3.8355637,0.0,0.0
7,Tkt,59.41505,2.4780202,0.0,0.0
7,Cklf,58.750908,3.1500804,0.0,0.0
7,Lrg1,57.36381,2.808118,0.0,0.0
7,Mmp8,56.34193,3.8357692,0.0,0.0
7,Anxa3,55.79896,3.8838596,0.0,0.0
7,Alox5ap,55.510757,2.579988,0.0,0.0
7,Rac2,55.37639,2.3905478,0.0,0.0
7,Chi3l1,54.873543,2.7963045,0.0,0.0
7,Serpinb10,54.02089,4.017115,0.0,0.0
7,Cpne3,53.28197,3.3665788,0.0,0.0
7,Ifitm2,52.331154,1.9681672,0.0,0.0
7,Coro1a,51.04873,2.151997,0.0,0.0
7,Pfn1,50.247845,1.0806702,0.0,0.0
7,Ifitm1,50.07874,2.2918518,0.0,0.0
7,S100a11,49.95606,1.6928681,0.0,0.0
7,Actr3,49.723248,1.6482339,0.0,0.0
7,Orm1,49.281517,5.6980715,0.0,0.0
7,Slc2a3,48.59773,3.472927,0.0,0.0
7,Cystm1,48.431408,2.9273524,0.0,0.0
7,Mcemp1,47.502346,2.4203064,0.0,0.0
7,Retnlg,47.37535,2.9135032,0.0,0.0
7,Flot1,47.269894,3.1680746,0.0,0.0
8,Tpt1,77.49303,1.6571134,0.0,0.0
8,Rpl13,74.746605,2.0241408,0.0,0.0
8,Rpl13a,73.40521,1.9365089,0.0,0.0
8,Rplp1,72.761444,1.7562914,0.0,0.0
8,Rps23,71.86861,1.8428723,0.0,0.0
8,Rps27,71.515594,1.7037995,0.0,0.0
8,Rps21,71.266556,1.896674,0.0,0.0
8,AABR07017902.1,69.6084,6.442597,0.0,0.0
8,B3galt4,69.41946,2.0995836,0.0,0.0
8,Eef1a1,69.24459,1.7251933,0.0,0.0
8,Rpl32,68.74904,1.8393184,0.0,0.0
8,B2m,68.399315,1.4075998,0.0,0.0
8,Rpl18a,67.33425,1.8019131,0.0,0.0
8,Rpl23a,67.28068,1.8709563,0.0,0.0
8,Cd3e,65.56915,8.000315,0.0,0.0
8,Rps29,65.43087,1.515731,0.0,0.0
8,Rps15,65.01789,1.701817,0.0,0.0
8,Rpl23,63.44274,1.5733618,0.0,0.0
8,Rplp2,63.151085,1.6578932,0.0,0.0
8,Rps4x,63.069954,1.9032278,0.0,0.0
8,Rps15a,62.904076,1.8194616,0.0,0.0
8,Rpl21-1,62.58016,1.8267844,0.0,0.0
8,Rps16,62.47616,1.632522,0.0,0.0
8,Rpl5,62.441044,1.9289274,0.0,0.0
8,Rps14,62.436512,1.5895479,0.0,0.0
8,Rpl11,62.3693,1.7719284,0.0,0.0
8,Rps12,62.121548,1.5881298,0.0,0.0
8,Rps27a,62.030903,1.6572877,0.0,0.0
8,Rpl24,61.95791,1.7626721,0.0,0.0
8,Rpl19,61.906223,1.6734716,0.0,0.0
8,Rpl30l2,61.38043,1.8907824,0.0,0.0
8,Rps3,61.192062,1.6579875,0.0,0.0
8,Rps19,60.78566,1.8221471,0.0,0.0
8,Rpl15,60.723267,1.735187,0.0,0.0
8,Rpl14,60.625595,1.7320459,0.0,0.0
8,Rpl9-ps30,60.241867,1.678818,0.0,0.0
8,Rpl34,59.95543,1.6810505,0.0,0.0
8,Rpl26,59.924644,1.743136,0.0,0.0
8,Rpl37,59.008842,1.6343589,0.0,0.0
8,ENSRNOG00000063418,58.65329,1.7615889,0.0,0.0
8,Rps13,58.640377,1.6900265,0.0,0.0
8,Rpl17,58.632786,1.6050062,0.0,0.0
8,Rps24,58.60947,1.6750408,0.0,0.0
8,LOC100365810,58.384853,1.6167879,0.0,0.0
8,Rpl37a-ps1,57.69707,1.9123012,0.0,0.0
8,Rpl30,57.36722,1.7327541,0.0,0.0
8,Rpl35,56.531998,1.5975549,0.0,0.0
8,Rpl27,56.503105,1.5162817,0.0,0.0
8,Rpl4,56.312256,1.7316443,0.0,0.0
8,Rplp0,55.889156,1.326663,0.0,0.0
9,Plac8,92.36711,4.7240067,0.0,0.0
9,Fcnb,89.52,6.953072,0.0,0.0
9,Lyz2,85.618805,3.5304704,0.0,0.0
9,Hopx,81.9566,3.8062308,0.0,0.0
9,Ly6c,79.35037,5.36605,0.0,0.0
9,Rpl10,75.846,2.0475395,0.0,0.0
9,Rplp0,68.94733,1.5812657,0.0,0.0
9,Actg1,66.88806,1.469259,0.0,0.0
9,Gpx1,66.637215,2.048142,0.0,0.0
9,Psap,66.6227,2.3199518,0.0,0.0
9,Coro1a,59.86886,2.4588463,0.0,0.0
9,RT1-DMa,59.65788,2.737449,0.0,0.0
9,Ly49si2,58.95364,3.6018012,0.0,0.0
9,Cd14,58.791885,2.9009151,0.0,0.0
9,Ccr2,58.514576,4.4531,0.0,0.0
9,LOC24906,58.453648,3.0376546,0.0,0.0
9,Gm2a,58.369488,2.622693,0.0,0.0
9,S100a6,56.97042,2.3615978,0.0,0.0
9,Rps9,56.35587,1.4163216,0.0,0.0
9,Glipr1,56.14069,2.3714569,0.0,0.0
9,Cybb,55.89913,2.4976447,0.0,0.0
9,Pycard,55.867374,2.7106745,0.0,0.0
9,Pabpc1,55.828312,1.6732773,0.0,0.0
9,Mgst1,54.555977,2.4146466,0.0,0.0
9,Calm1,54.16266,1.5245212,0.0,0.0
9,Rps14,53.20644,1.3987262,0.0,0.0
9,LOC691141,53.047974,2.5799134,0.0,0.0
9,Unc93b1,52.971317,2.5251985,0.0,0.0
9,Rnaset2,51.831226,2.0648139,0.0,0.0
9,Cox5a,51.360935,1.8196286,0.0,0.0
9,Rpl18,51.081104,1.450639,0.0,0.0
9,Tkt,50.96864,1.9590653,0.0,0.0
9,S100a10,50.92069,2.0510473,0.0,0.0
9,LOC687780,50.202724,1.1472244,0.0,0.0
9,Rpl7a,50.04137,1.4968213,0.0,0.0
9,Ctsz,49.474796,2.1480703,0.0,0.0
9,Mgst2,49.472767,2.2280526,0.0,0.0
9,Cd68,49.35705,2.1287186,0.0,0.0
9,Cd302,49.140438,2.1280763,0.0,0.0
9,Rpl24,49.117653,1.4988809,0.0,0.0
9,Itgb7,48.590378,3.5823617,0.0,0.0
9,Rps27a,48.53463,1.4000237,0.0,0.0
9,RT1-DMb,48.419903,2.4043498,0.0,0.0
9,S100a4,48.298294,2.1281214,0.0,0.0
9,Rpl18a,48.229527,1.3770117,0.0,0.0
9,Rps6-1,48.17695,1.4741536,0.0,0.0
9,Rnase2,48.175583,5.5467668,0.0,0.0
9,Rps12,47.802063,1.2805042,0.0,0.0
9,Itm2b,47.759884,1.4383541,0.0,0.0
9,Taldo1,47.746063,1.7400069,0.0,0.0
10,Cd74,73.15317,4.8698087,0.0,0.0
10,AABR07060872.1,68.02816,4.940366,0.0,0.0
10,Cd79a,66.36688,4.7671885,0.0,0.0
10,Ighm,58.358135,4.2625985,0.0,0.0
10,Rps11,56.78735,2.12917,0.0,0.0
10,Fcmr,52.8741,6.444132,0.0,0.0
10,RT1-Db1,49.819813,3.554689,0.0,0.0
10,Ms4a1,47.827637,7.7234144,0.0,0.0
10,RT1-Da,47.824055,3.6779945,0.0,0.0
10,Cd83,46.645145,3.3699737,0.0,0.0
10,Cxcr4,46.609837,2.5000944,0.0,0.0
10,Rpl35,42.74032,1.4441137,0.0,0.0
10,Rps27,40.654427,1.1515411,0.0,0.0
10,Ifi30,39.580017,2.2736504,0.0,0.0
10,Rpl13a,39.564095,1.2685645,0.0,0.0
10,Cd69,39.551228,3.7141964,0.0,0.0
10,Cd79b,38.390007,3.8317301,0.0,0.0
10,Hsp90ab1,38.312572,1.3481553,0.0,0.0
10,RT1-Ba,37.975533,3.270971,0.0,0.0
10,Plac8,37.94866,2.2807703,0.0,0.0
10,Rps15,37.100895,1.1919717,2.7176805232881978e-301,1.5104582276801772e-298
10,Crem,36.57575,2.1023593,6.95062216564126e-293,3.5804180521547175e-290
10,ENSRNOG00000064589,36.50026,4.2525034,1.0984787442250745e-291,5.523778828103233e-289
10,Rpl26,36.371998,1.2687451,1.1801497134369562e-289,5.66471862449739e-287
10,Rpl17,36.272503,1.1806263,4.391210847669208e-288,2.0609416245060818e-285
10,Btg1,35.681328,1.246087,7.702177908097845e-279,3.388958279563052e-276
10,Rps8,35.4902,1.1808202,6.962578090355104e-276,2.940992985365996e-273
10,Rpl24,35.42031,1.230794,8.312754776876003e-275,3.376257324761946e-272
10,Rps23,35.39982,1.1353328,1.7185397987440354e-274,6.848218971598873e-272
10,Rpl23a,35.28947,1.2276746,8.518413977260933e-273,3.271070967268198e-270
10,Cd72,35.20309,3.2416751,1.7933548675799712e-271,6.644851719875262e-269
10,ENSRNOG00000070540,35.161648,4.271388,7.716155293356666e-271,2.809744824063669e-268
10,Ccr7,34.11179,3.9429145,4.932505088837486e-255,1.6277266793163703e-252
10,Rel,33.80444,2.2607732,1.6972189165279568e-250,5.514655925703146e-248
10,Rps29,33.505306,0.944399,4.034259996805176e-246,1.2909631989776562e-243
10,LOC687780,33.503304,0.8641504,4.3141841955283465e-246,1.3599338837247565e-243
10,Rpl27,32.53858,1.0970203,3.0370945535213147e-232,9.16334813862431e-230
10,Rpl5,32.372086,1.185825,6.784338039843491e-230,2.0181016817111906e-227
10,Rpl18a,32.29701,1.07781,7.705264118085139e-229,2.2292490160816183e-226
10,Rps6-1,31.894894,1.1204332,3.1428223371358277e-223,8.969784832474146e-221
10,Rpl34,31.628477,1.0551965,1.4993282539867963e-219,4.008330724582423e-217
10,Rps15a,31.597118,1.1175169,4.0444628725227156e-219,1.0677381983459968e-216
10,Rps14,31.527166,0.9677545,3.687038160358542e-218,9.613610610712642e-216
10,Rps3,31.234371,1.018671,3.6398128324675797e-214,9.043864355495916e-212
10,Rps16,30.603533,1.0067676,1.0984377749895472e-205,2.606629866042611e-203
10,Rps24,29.991455,1.0321338,1.2684250702193965e-197,2.7335854574524135e-195
10,Mt-co3,29.990953,0.8335346,1.2876311923316406e-197,2.7469465436408335e-195
10,Rpl30l2,29.95316,1.06654,4.0022041754281973e-197,8.452655218504353e-195
10,Rplp1,29.794378,0.93796855,4.619990627211416e-195,9.66081208383219e-193
10,Rps4x,29.77896,1.0664108,7.316847463856931e-195,1.5150178278103763e-192
11,Np4,67.7743,6.9332147,0.0,0.0
11,RatNP-3b,63.52313,6.670052,0.0,0.0
11,Defa5,62.002678,6.6201715,0.0,0.0
11,Serpinb1a,58.291763,3.691544,0.0,0.0
11,Hmgn2,57.739452,3.0427945,0.0,0.0
11,Srgn,56.4112,3.289218,0.0,0.0
11,Nkg7,52.170773,5.3561234,0.0,0.0
11,Ms4a3,50.249607,7.0246344,0.0,0.0
11,LOC24906,48.61,3.1733465,0.0,0.0
11,Camp,46.973186,4.0339627,0.0,0.0
11,Defa5-ps2,45.248688,6.4287624,0.0,0.0
11,Mpo,44.408344,5.493884,0.0,0.0
11,Mgst1,43.500977,2.7359564,0.0,0.0
11,S100a8,42.578583,3.015118,0.0,0.0
11,Serpinb10,40.913433,3.3158357,0.0,0.0
11,LOC120099372,40.629555,2.7170882,0.0,0.0
11,S100a9,38.904762,2.600216,0.0,0.0
11,Defa11,38.021656,6.891128,0.0,0.0
11,Cox5a,36.45497,1.6385447,5.738125362894527e-291,4.661123371705093e-288
11,Dstn,36.08765,1.557109,3.542931112041616e-285,2.7713594476414415e-282
11,Fam111a,35.26103,2.4731,2.324991697214769e-272,1.6367941548391973e-269
11,Hmgb2,34.94561,1.9572693,1.5097308833358037e-267,1.028565040517812e-264
11,Sri,34.87155,1.8376265,2.007222412382693e-266,1.3247667921725773e-263
11,Plac8,34.6451,2.0582857,5.294255911921266e-263,3.38832378362961e-260
11,Ctsg,34.53599,5.3681374,2.3133736015670644e-261,1.4370132489734236e-258
11,Hmgb2l1,34.27601,2.0156507,1.7876094545657196e-257,1.0786946194407998e-254
11,Anxa1,34.09991,1.5183167,7.398201254086144e-255,4.340278069063871e-252
11,Elane,33.534954,4.9684377,1.4920078516342892e-246,8.079796365773382e-244
11,Plscr1,33.497013,2.3575854,5.327064341235697e-246,2.812689972172448e-243
11,B4galt6,33.1984,2.6847587,1.1354595632950662e-241,5.709739518283762e-239
11,Arhgdib,32.49749,1.5723066,1.1569907935809648e-231,5.6827082698674365e-229
11,Tkt,32.32282,1.6478074,3.343843258746907e-229,1.6050447641985155e-226
11,Dut,32.050938,2.0277205,2.1302432238646376e-225,9.997941530671366e-223
11,Mctp1,31.648119,3.0346467,8.04884158451143e-220,3.616841154571945e-217
11,Clec12a,31.46802,2.257452,2.3799117351546626e-217,1.0257905274789076e-214
11,Alas1,30.348583,2.319915,2.623015689315801e-202,1.1079618271669944e-199
11,Sun2,30.135244,2.2077253,1.6742476724131476e-199,6.800021315647246e-197
11,Prtn3,30.108603,5.590863,3.738831055060927e-199,1.489888903450694e-196
11,C3,29.7202,2.503094,4.2106852994661486e-194,1.5880298843700902e-191
11,Degs2,29.473234,3.068854,6.344256825551322e-191,2.310184554407654e-188
11,Ggh,29.4244,2.7819169,2.6771103614659566e-190,9.423428472360167e-188
11,Rpia,29.386568,2.2380443,8.154033513692897e-190,2.823167013265475e-187
11,Rgcc,28.981083,1.4861139,1.1393479911787732e-184,3.759848370889952e-182
11,H2az1,28.472502,1.1154125,2.5664369395309924e-178,8.338945871214548e-176
11,Tuba4a,27.974426,1.7381787,3.326868580973459e-172,1.0037637775737064e-169
11,Plbd1,27.866323,2.5455515,6.8314713068058e-171,1.9764475890375135e-168
11,Syne1,27.76309,2.290151,1.2110769472349205e-169,3.4564790710272324e-167
11,Gpi,27.64728,1.4129114,3.0090544084034086e-168,8.473497214063999e-166
11,Anxa3,27.626673,2.1932101,5.3221937910731515e-168,1.4790096429929598e-165
11,Txn1,26.95685,0.925063,4.7413395459142045e-160,1.283808861662923e-157
12,Hbb,80.9272,8.946384,0.0,0.0
12,Hba-a1,80.59793,8.89189,0.0,0.0
12,Ahsp,78.384995,8.775054,0.0,0.0
12,Car2,77.05095,7.6635537,0.0,0.0
12,Gypa,67.1221,8.306332,0.0,0.0
12,Slc4a1,64.35321,7.4474916,0.0,0.0
12,Prdx2,63.300518,3.3422928,0.0,0.0
12,Ybx3,57.84556,3.4066803,0.0,0.0
12,Alas2,56.380474,7.8475165,0.0,0.0
12,Glrx5,53.866867,3.400149,0.0,0.0
12,Hemgn,48.851147,7.834304,0.0,0.0
12,Rhd,45.00362,8.044865,0.0,0.0
12,RGD1565355,44.16259,3.5800955,0.0,0.0
12,Tmcc2,43.698357,6.5021877,0.0,0.0
12,Lgals5,41.790848,7.7334914,0.0,0.0
12,Fech,40.457943,5.4269466,0.0,0.0
12,Hmbs,40.06708,4.5529513,0.0,0.0
12,Slc25a37,40.059757,4.0725007,0.0,0.0
12,Blvrb,39.733418,3.6394434,0.0,0.0
12,Sec61g,39.633873,1.6246529,0.0,0.0
12,Tfrc,38.901726,3.3682246,0.0,0.0
12,Rhag,37.314354,7.829029,9.602311434220027e-305,3.3246035654217535e-302
12,Bcas2,36.048237,2.8833747,1.469718431764401e-284,4.434350468409163e-282
12,Spta1,35.39612,7.6237044,1.9591622869859467e-274,5.37370227287574e-272
12,Tent5c,35.199875,3.253986,2.008505240550294e-271,5.302453835052776e-269
12,ENSRNOG00000067332,34.553974,2.1039839,1.24240599474478e-261,2.9482713043831183e-259
12,Mgst3,34.484673,4.2179356,1.3615498497379863e-260,3.159992618292997e-258
12,Urod,34.290222,3.5290513,1.0977347560321967e-257,2.4404376891999993e-255
12,Aqp1,34.044178,3.1890955,4.949422513644682e-254,1.0776474586409864e-251
12,Klf1,32.808895,6.9315457,4.397015098925951e-236,8.844281798982483e-234
12,Cpox,31.804781,4.205769,5.559270616330094e-222,1.0121706501456173e-219
12,Sptb,31.793936,6.911646,7.850964141365231e-222,1.417199680902852e-219
12,Xpo7,31.528906,4.598757,3.4900886987127624e-218,6.246667230238435e-216
12,Mki67,31.223906,3.0778399,5.048281269065873e-214,8.739319705136987e-212
12,Atp5if1,30.576174,1.4636685,2.5386849648809026e-205,4.1563586401771054e-203
12,Kel,30.308046,7.4990745,8.980524970030481e-202,1.394622701228263e-199
12,Myo5c,29.891958,7.6062484,2.5032238127383557e-196,3.7762919232167196e-194
12,Bnip3l,29.796453,1.9129452,4.342534384988138e-195,6.504562142620531e-193
12,Ucp2,29.416237,1.6134918,3.4047800111943806e-190,4.9936773497517584e-188
12,Ube2c,29.411331,2.5751908,3.9339575629245545e-190,5.730012670963213e-188
12,Rbm38,28.669903,1.8239236,9.055835420018355e-181,1.1806126177209114e-178
12,Emb,28.572193,1.5369155,1.4891326072462761e-179,1.9294773414135797e-177
12,Bpgm,28.397156,3.6892729,2.1924698970865732e-177,2.806361468270814e-175
12,Isca1,27.717579,2.570606,4.2872913805752536e-169,4.975142525151063e-167
12,Arf5,27.47903,1.3257433,3.126853792615251e-166,3.4217177253903677e-164
12,Hist3h2ba,27.450253,4.6754475,6.899547286719281e-166,7.434614219158736e-164
12,Trak2,26.889484,3.8547957,2.91515213659924e-159,2.9318101488083783e-157
12,Ubac1,26.439062,3.4966578,4.874599620357705e-154,4.575624176975766e-152
12,Mkrn1,25.984076,2.3764637,7.495723155461396e-149,6.823692803592443e-147
12,H1f4,25.927042,2.325453,3.301136508239209e-148,2.979487310000517e-146
13,Cd74,59.156013,4.829625,0.0,0.0
13,RT1-Ba,57.72647,5.274961,0.0,0.0
13,RT1-Da,57.1473,5.244145,0.0,0.0
13,RT1-Db1,56.06544,4.924773,0.0,0.0
13,RT1-Bb,52.55642,4.879732,0.0,0.0
13,Cst3,50.698044,3.3185163,0.0,0.0
13,Rplp0,50.57891,1.5107379,0.0,0.0
13,Ifi30,50.565147,2.9584558,0.0,0.0
13,Rpl10,48.488182,1.707233,0.0,0.0
13,Syngr2,47.30874,3.233351,0.0,0.0
13,Ifitm1,46.90926,2.946439,0.0,0.0
13,Lsp1,43.57894,2.4185529,0.0,0.0
13,Cst7,42.987503,3.7727058,0.0,0.0
13,Rps2,42.141296,1.5727367,0.0,0.0
13,Rps27a,41.82293,1.5085607,0.0,0.0
13,Atox1,41.799477,2.159581,0.0,0.0
13,Zc3h10,41.77961,1.270099,0.0,0.0
13,RT1-DMa,41.63939,2.7123852,0.0,0.0
13,Tmsb10,41.219334,1.6626298,0.0,0.0
13,Nr4a3,40.722237,3.1467779,0.0,0.0
13,LOC102547700,40.666553,2.4117093,0.0,0.0
13,Actb,40.60795,1.0396895,0.0,0.0
13,Ikzf4,40.414753,1.4535606,0.0,0.0
13,Psmb9,39.985134,2.330325,0.0,0.0
13,Nr4a2,39.844574,3.1267588,0.0,0.0
13,Rpl18a,39.66984,1.465946,0.0,0.0
13,Eef1a1,38.89568,1.3323272,0.0,0.0
13,Id2,38.88978,2.4721222,0.0,0.0
13,Rpl27,38.837345,1.4200691,0.0,0.0
13,Rps4x,38.70889,1.583439,0.0,0.0
13,Rps19,38.578987,1.5582734,0.0,0.0
13,Mt-co2,38.470787,1.4103193,0.0,0.0
13,Rel,38.397606,2.121555,0.0,0.0
13,Rpl14,38.215656,1.5051885,0.0,0.0
13,Rpl15,38.082245,1.5228807,0.0,0.0
13,RT1-DMb,37.986385,2.6447246,0.0,0.0
13,Psme1,37.86307,2.0512664,0.0,0.0
13,Rps25,37.835667,1.4889998,0.0,0.0
13,Rps23,37.79233,1.3278804,0.0,0.0
13,Pfn1,37.731163,1.1058699,0.0,0.0
13,Fgl2,37.678455,2.8507626,0.0,0.0
13,B3galt4,37.66955,1.5641423,1.56589179091393e-310,7.874198720024346e-308
13,Rgs1,37.33906,2.3776016,3.8159114998330606e-305,1.8742337413133542e-302
13,Nap1l1,37.333694,1.8279672,4.663305655659396e-305,2.23838671471651e-302
13,Ckb,37.196198,2.1558175,7.862275198892892e-303,3.6900278266803976e-300
13,LOC100360413,37.18181,1.5708696,1.3430279018919585e-302,6.166249845208296e-300
13,Bcl2a1,37.179874,2.3368545,1.4432692633243205e-302,6.485499327959499e-300
13,Cd83,37.163704,2.2905629,2.6339024370632184e-302,1.1589170723078162e-299
13,Rps6-1,36.958916,1.4967535,5.237439260743731e-299,2.2574432078960734e-296
13,Rps24,36.884388,1.4613914,8.22392655601275e-298,3.4737865772597854e-295
14,Mfap5,54.83183,5.4723177,0.0,0.0
14,Sfrp4,54.633717,6.3063455,0.0,0.0
14,Ackr3,54.181377,5.4593472,0.0,0.0
14,Serping1,53.842045,5.328916,0.0,0.0
14,Clec3b,53.691456,6.7898836,0.0,0.0
14,Htra3,53.280437,6.0178366,0.0,0.0
14,C4b,53.176575,6.992477,0.0,0.0
14,Dcn,53.045654,4.846132,0.0,0.0
14,Dpt,52.252182,4.8650427,0.0,0.0
14,Col3a1,52.222187,3.921683,0.0,0.0
14,C1s,52.05822,4.8365436,0.0,0.0
14,Serpinf1,51.4494,4.2908816,0.0,0.0
14,Cxcl12,51.419228,5.5458584,0.0,0.0
14,Col14a1,51.259937,5.060594,0.0,0.0
14,C1r,51.213768,4.341546,0.0,0.0
14,Rarres2,51.210182,4.5578732,0.0,0.0
14,C4a,50.745743,5.9706306,0.0,0.0
14,Igfbp6,50.68701,4.6258345,0.0,0.0
14,Gfpt2,50.36301,4.763425,0.0,0.0
14,Has1,50.285275,5.06518,0.0,0.0
14,LOC108348067,49.749043,4.9821773,0.0,0.0
14,Mfap2,49.37818,4.977579,0.0,0.0
14,Ctsl,49.11824,3.527871,0.0,0.0
14,Mmp2,48.79459,3.9559846,0.0,0.0
14,Ccdc80,48.36147,4.292463,0.0,0.0
14,Mt2A,48.167156,4.582702,0.0,0.0
14,Fstl1,48.11028,3.914103,0.0,0.0
14,Il33,48.054996,6.0315366,0.0,0.0
14,Plat,48.04997,4.3501716,0.0,0.0
14,Col1a1,47.379932,3.3179579,0.0,0.0
14,Cfb,47.242317,3.6951282,0.0,0.0
14,Fndc1,46.81956,4.263949,0.0,0.0
14,Ugdh,46.811935,4.0383053,0.0,0.0
14,Tnfaip6,46.333427,3.7546566,0.0,0.0
14,Mt1,46.14936,3.9246032,0.0,0.0
14,Ubxn1,45.990185,3.3621352,0.0,0.0
14,Loxl1,45.621803,3.9839218,0.0,0.0
14,Col1a2,45.38621,3.1620004,0.0,0.0
14,Mfap4,45.33766,4.1577387,0.0,0.0
14,Ifitm3,45.331154,3.6098394,0.0,0.0
14,Sparc,44.58072,3.317155,0.0,0.0
14,Ctsh,44.548573,2.8155935,0.0,0.0
14,Il6,43.834362,4.577619,0.0,0.0
14,Sod3,43.82268,4.2826586,0.0,0.0
14,Pcolce,43.588913,3.3711503,0.0,0.0
14,Nbl1,43.57076,3.7748117,0.0,0.0
14,Fn1,43.516018,2.7751777,0.0,0.0
14,Ly6e,43.37016,3.1724565,0.0,0.0
14,Gpx3,43.349518,3.4304068,0.0,0.0
14,Lum,43.09503,3.1824696,0.0,0.0
15,Ebf1,44.83265,5.2066154,0.0,0.0
15,Clvs1,38.936794,4.1507554,0.0,0.0
15,Mt-co3,31.803322,1.5561529,5.823615591252789e-222,1.7570680183894127e-218
15,ENSRNOG00000062930,28.518326,2.5992944,6.942867748233933e-179,1.0473811917335761e-175
15,Mt-atp6,28.086025,1.3738302,1.4513259116464132e-173,1.9157502033732656e-170
15,Mt-co1,26.20345,1.0834494,2.4274637522768204e-151,2.136168102003602e-148
15,Mt-nd1,26.049135,1.4904174,1.3760296933817613e-149,1.1177595047778002e-146
15,Mt-nd2,25.51817,1.4167393,1.2391813668407454e-143,9.346968024170194e-141
15,Mt-cyb,25.279852,1.3153404,5.321186394690164e-141,3.87529160882263e-138
15,Bach2,25.048836,4.6810446,1.797560348547507e-138,1.1166021929800986e-135
15,Mt-nd4,23.88504,1.4074177,4.3813690962270455e-126,2.103057166188982e-123
15,H4f3,22.81314,3.5697134,3.395799555992072e-115,1.258233098641273e-112
15,Mt-co2,22.495323,1.230855,4.612174362203923e-112,1.5461765480912196e-109
15,Spats1,22.261288,4.8654995,8.769217698682134e-110,2.8493211968641026e-107
15,Mt-nd3,19.998535,1.3260944,5.671392820458779e-89,1.1090723737786056e-86
15,H1f4,19.488997,3.1094737,1.3612410849058891e-84,2.1779857358494224e-82
15,Foxp1,19.293888,2.8702447,6.0451892582703e-83,8.805130836873705e-81
15,Aff3,18.8534,4.7789655,2.7555381337235934e-79,3.484848226601334e-77
15,H1f5,18.574972,3.6992295,5.1232357300782716e-77,6.044845732919167e-75
15,Mt-nd5,18.466888,1.5049529,3.814419027615697e-76,4.378289666480626e-74
15,Arhgap15,18.414604,2.7394753,1.0032144084903982e-75,1.1093135239433095e-73
15,Hist1h2bo,17.954252,4.2333546,4.445337718576694e-72,4.346552435941656e-70
15,ENSRNOG00000062927,17.069462,3.0955315,2.5049579106388626e-65,1.9099173672452268e-63
15,Cecr2,16.955769,4.0751743,1.7446772820909985e-64,1.3020347773060739e-62
15,Mgat5,16.835112,4.316333,1.349323171376795e-63,9.660239111687428e-62
15,ENSRNOG00000068602,16.726492,4.461869,8.404591528131647e-63,5.9168324358046795e-61
15,hist1h2ail2,16.669373,3.1983488,2.188830069288237e-62,1.5206608902423541e-60
15,Srrm2,16.218925,1.4338014,3.706251353497051e-59,2.2954847092626896e-57
15,Hist1h4m-3,16.014446,4.154777,1.0130608355434669e-57,5.943290235188339e-56
15,Mki67,15.481484,2.9919546,4.626740022925152e-54,2.354620464679017e-52
15,Arid1b,15.478772,3.5700479,4.8259467832871094e-54,2.450096059207302e-52
15,Prpf4b,15.395495,2.304931,1.7547534331973636e-53,8.679248831177592e-52
15,LOC102549173-2,15.251403,3.6276546,1.6113274213158148e-52,7.787467995009155e-51
15,Rbm39,15.125021,0.96460116,1.1076543248977097e-51,5.164163210119123e-50
15,Tra2b,14.719663,1.3992634,4.820616490841438e-49,2.016067728446954e-47
15,Camk2d,14.583735,3.6808636,3.5646592926552083e-48,1.4422529551892336e-46
15,Fryl,14.102779,3.6568336,3.651026364213108e-45,1.3317733473606363e-43
15,ENSRNOG00000066901,13.738857,4.101047,5.940588123705319e-43,2.0138879802994596e-41
15,Bcar3,13.70036,3.7711978,1.0102115192075052e-42,3.4028177489094916e-41
15,Mt-atp8,13.074471,1.14549,4.607568624862641e-39,1.3764052242871142e-37
15,Sfpq,12.889799,1.5942396,5.137773982129427e-38,1.4905190453650207e-36
15,Hist1h4b,12.843908,5.787756,9.305524182156382e-38,2.684872550917251e-36
15,Tex14,12.339456,3.7959795,5.553020382738633e-35,1.442555848504796e-33
15,Myb,12.25919,2.4330606,1.499932318598996e-34,3.8351780349649875e-33
15,Ankrd33b,11.716959,2.5972853,1.0435052885591844e-31,2.4007441932864898e-30
15,H2bc18,11.668215,3.9029906,1.8527000532581276e-31,4.221038309041171e-30
15,Nbr1,11.429955,2.5024505,2.9626282347846647e-30,6.443945243939456e-29
15,Prkce,11.343414,4.314551,7.99625022031024e-30,1.7162683399690271e-28
15,Tmem131l,11.246315,2.808839,2.4147060297719482e-29,5.069442479998364e-28
15,Mt-nd4l,11.175059,1.1126107,5.401402213417084e-29,1.1195055421724124e-27
16,Igfbp7,45.873837,6.1398897,0.0,0.0
16,Col4a1,40.62028,5.4683285,0.0,0.0
16,Tm4sf1,39.617588,6.584989,0.0,0.0
16,Hspb1,35.87617,4.2141356,7.188386011802826e-282,3.795467814231892e-278
16,Gng11,32.27357,3.6439493,1.6432131854244386e-228,6.940932495232828e-225
16,Cavin3,31.18663,3.5723088,1.6175036335547836e-213,5.6936127901128387e-210
16,Pdlim1,30.53627,4.067191,8.604417548789467e-205,2.596075694720479e-201
16,Col18a1,29.696663,5.2357917,8.479589028020511e-194,2.238611503397415e-190
16,Col4a2,29.292866,4.5468936,1.2785138359487326e-188,3.0002458016930256e-185
16,Vps25,28.930109,3.7066727,4.993700162322305e-184,1.0546694742824708e-180
16,Vim,28.745642,1.7459688,1.0268051019019811e-181,1.9714657956518036e-178
16,Crip2,28.576008,3.6367881,1.3351688452926391e-179,2.349897167715045e-176
16,Cav1,28.567566,3.5725875,1.699813772250666e-179,2.7615436053795436e-176
16,Ifi27,28.47391,2.551723,2.4655014510799616e-178,3.7193850462006274e-175
16,Ifitm3,27.906158,2.968404,2.246325759645158e-171,3.1628266695803823e-168
16,Apold1,27.427603,5.828696,1.2855588354294206e-165,1.6969376627668351e-162
16,Sparc,27.312187,2.1619217,3.039504722493208e-164,3.7761376317092094e-161
16,Emp1,27.16977,2.646705,1.4789968961673077e-162,1.7353563581696412e-159
16,Hspa1b,26.987988,2.338774,2.044817306824859e-160,2.2729758694811063e-157
16,Mcam,26.981556,7.264154,2.4330465592418856e-160,2.569297166559431e-157
16,Esam,26.797304,6.4086995,3.4737143610105977e-158,3.49356415735923e-155
16,Sparcl1,26.204277,4.6099396,2.3752333336064467e-151,2.2802240002621887e-148
16,Col15a1,26.160173,3.9374237,7.54986877780244e-151,6.932749069008153e-148
16,Fkbp1a,25.96217,2.2993343,1.3252178216533645e-148,1.1661916830549608e-145
16,Eng,25.543232,4.0742574,6.528619608745374e-144,5.515377845468092e-141
16,Procr,24.276787,3.1235123,3.44825591468116e-130,2.801044804541004e-127
16,Pecam1,24.150532,5.4493556,7.371126131863966e-129,5.7658586631469246e-126
16,C2H1orf54,24.045227,4.3524714,9.36505640709116e-128,7.063928261348761e-125
16,Cd151,23.960876,3.3515446,7.117572787604018e-127,5.183556457730926e-124
16,Plvap,23.87742,7.7276206,5.2575775493612054e-126,3.701334594750288e-123
16,Lmna,23.866266,2.0165997,6.864595336070803e-126,4.67678237089727e-123
16,Cdh5,23.86249,7.8858137,7.513410319721019e-126,4.958850811015873e-123
16,Emcn,23.609076,8.764921,3.109668987478519e-123,1.9901881519862523e-120
16,Serpinh1,22.970972,2.1328957,9.095544002866e-117,5.649937921780292e-114
16,RGD1564664,22.928856,3.9615948,2.3954575487446326e-116,1.445487526556761e-113
16,Flt1,22.813667,6.4535055,3.355206138158853e-115,1.968387601053194e-112
16,Selenom,22.6782,2.4728994,7.35367279246735e-114,4.197555929105687e-111
16,Rhoj,22.52365,3.8637486,2.4347087755307876e-112,1.353185508926585e-109
16,Gnas,22.114777,1.4743199,2.2783644119077153e-108,1.2029764094872737e-105
16,Rhoc,22.015564,2.2691135,2.0431620293461017e-107,1.0524776112143822e-104
16,Myl12b,22.010693,1.244533,2.274923261320234e-107,1.1439614114067464e-104
16,S100a6,21.912586,1.9402894,1.970682350346509e-106,9.459275281663244e-104
16,Fabp4,21.856272,3.4641147,6.7758782946309e-106,3.180145546280103e-103
16,Ehd2,21.820288,3.1147516,1.489181732992033e-105,6.837286565389508e-103
16,Tmsb10,21.782866,1.3367213,3.3730788257815627e-105,1.5157324425639703e-102
16,Rbpms,21.407757,3.2303963,1.1312881863076694e-101,4.977668019753745e-99
16,Tpm4,21.295086,1.6108929,1.2607357182084883e-100,5.4340282384823e-98
16,Serpine1,20.989304,2.564043,8.214185172748767e-98,3.469671816969079e-95
16,Ptms,20.911312,1.8279115,4.224511675951115e-97,1.749444835217403e-94
16,Cdh13,20.719286,3.9780488,2.3209865733036094e-95,9.248912533617402e-93
17,Ifi30,36.636143,4.175723,7.605868779961388e-294,1.6063594863278451e-289
17,Siglech,35.909115,10.593195,2.2016022066107128e-282,2.3248919301809127e-278
17,Rpl31,35.688972,2.5809972,5.861363210775623e-279,4.126399700386039e-275
17,Rnase6,35.114044,8.254173,4.115329024190678e-270,2.172893724772678e-266
17,Cyb561a3,34.935257,6.409624,2.1685394599171527e-267,9.159910678690053e-264
17,Psap,33.32204,2.8181772,1.851662035264432e-243,6.517850364130801e-240
17,Tcf4,33.006084,4.586855,6.643795390363176e-239,2.0045279806352897e-235
17,Plac8,31.700678,3.7240844,1.5206440515841986e-220,4.0145002961822845e-217
17,Spint2,31.564465,4.121036,1.1354155323953423e-218,2.6644417826877365e-215
17,Pld4,31.148874,4.722299,5.253254703182111e-213,1.1094873933120618e-209
17,Gpr171,31.035019,5.5353594,1.8171794203152566e-211,3.4889844870052928e-208
17,Bst2,30.87414,4.0556173,2.657266179516456e-209,4.6767884759489633e-206
17,Serp1,30.834724,2.8356037,8.977153008745765e-209,1.458442088805466e-205
17,Ap1s2,30.526695,3.8505723,1.1529911339686148e-204,1.7393694821012244e-201
17,Tspan13,30.045944,4.5542145,2.4666305295395836e-198,3.473015785591734e-195
17,Cd7,29.871346,6.879904,4.637637726397236e-196,6.121681798844352e-193
17,Cd164,29.748692,2.9000735,1.8030150307313656e-194,2.2399810264144966e-191
17,Ftsj1,29.250673,2.7263806,4.402547425425022e-188,5.165655645832026e-185
17,Rgs1,29.144445,3.8812556,9.824178934603895e-187,1.0920350478886012e-183
17,Rpl10,29.063595,1.7944443,1.0361336857025542e-185,1.0941571721018973e-182
17,Errfi1,28.847742,3.6177273,5.408268089634663e-183,5.439172478718291e-180
17,Grn,28.540602,2.5835295,3.674496304985083e-179,3.52751645278568e-176
17,Tyrobp,27.955992,2.578923,5.574398019247766e-172,5.1187515724570786e-169
17,Cd74,27.847101,3.2489452,1.1678232776050071e-170,1.0276844842924063e-167
17,Jchain,27.775568,4.227991,8.560496254617466e-170,7.231907235900836e-167
17,RT1-Da,27.128777,3.2444189,4.507751674798012e-162,3.661681360451308e-159
17,Runx3,27.00634,4.1225276,1.2450436666551792e-160,9.73900823694718e-158
17,Flt3,26.847977,6.470431,8.905997549367849e-159,6.717666722951748e-156
17,Irf8,26.200697,5.414232,2.609264621659028e-151,1.900264441704782e-148
17,C1qbp,26.060936,2.8270483,1.0113590870996168e-149,7.119967973181303e-147
17,Hpse,26.032999,4.763114,2.0959636201716715e-149,1.427959730904055e-146
17,Blnk,25.934052,3.5384748,2.751719681133618e-148,1.8161349895481877e-145
17,Rgs2,25.922009,2.9089675,3.762025723996746e-148,2.4076964633579173e-145
17,LOC102547700,25.605873,3.1586792,1.3122586175550922e-144,8.15144176551869e-142
17,Rel,25.38624,2.6473022,3.5785074396279725e-142,2.1593736321412224e-139
17,LOC24906,24.857035,3.058063,2.1704436018530795e-136,1.238912672192893e-133
17,Ccnd1,24.515345,4.575568,1.0135139895767179e-132,5.633004068384284e-130
17,Prkar1a,24.442337,2.5241776,6.071001028548909e-132,3.2876805569987937e-129
17,Unc93b1,23.93771,2.8529506,1.2407960643509279e-126,6.551403219772899e-124
17,Ctsz,23.936188,2.4892635,1.286952818428377e-126,6.629376469562762e-124
17,Srsf7,23.686295,2.0945196,4.991863993205118e-124,2.510194465154574e-121
17,Sod1,23.642502,2.0586123,1.409761733626455e-123,6.924225073067611e-121
17,Tmsb10,23.623484,1.5040623,2.2114552296572176e-123,1.0614985102354645e-120
17,Cd47,23.601482,2.2223737,3.72141277418279e-123,1.7465830620164564e-120
17,Atp1b3,23.567781,2.4322903,8.250924773429373e-123,3.788250678583225e-120
17,Laptm5,23.500378,2.1592734,4.042559291240904e-122,1.8165713240639977e-119
17,Pabpc1,23.239367,1.6009965,1.8222009926358e-119,8.01768436759752e-117
17,Ptprcap,22.797483,3.6477168,4.856391974185966e-115,2.0932040509144406e-112
17,Bcl11a,22.796017,4.690924,5.021935794165567e-115,2.1212656794555357e-112
17,AABR07060872.1,22.445452,2.4258964,1.417584301214113e-111,5.87046675326315e-109
18,Mcpt9,35.953403,10.099294,4.47784439612295e-283,9.45720736461167e-279
18,Mcpt10,32.554745,9.36889,1.7939778695658467e-232,1.894440630261534e-228
18,Hdc,24.998947,10.011468,6.276676500195104e-138,4.418780256137353e-134
18,RGD1559662,24.69344,9.639609,1.257919676320278e-134,6.641815890971067e-131
18,Il1rl1,24.542467,5.8330274,5.2049606681068325e-133,2.198575386208326e-129
18,Srgn,24.354893,3.004572,5.145094313722501e-131,1.8110731984303204e-127
18,Prg2,22.980244,8.428112,7.347433789408923e-117,2.2168257376045206e-113
18,Fcer1a,22.829025,10.846365,2.361656517334873e-115,6.234773205764065e-112
18,Rgs1,22.501991,3.7303226,3.968357945663609e-112,9.312413312490603e-109
18,Cma1,21.731688,9.341069,1.0294958944873142e-104,2.1742953291572075e-101
18,Ms4a2,21.568853,8.932976,3.523173808296639e-103,6.764493711929547e-100
18,Plek,20.731644,2.8944788,1.795543690015282e-95,3.160156894426896e-92
18,Itm2b,20.193836,1.6667105,1.109105825902411e-90,1.8018703879276096e-87
18,Gata2,18.001165,7.1977434,1.9076049195669725e-72,2.8777582786610325e-69
18,Cpa3,17.168173,8.9587965,4.5965980160367257e-66,6.067509381168477e-63
18,Tax1bp1,15.522986,1.7156768,2.4249840965785403e-54,2.695561269459935e-51
18,Csf2rb,15.396699,3.3179858,1.7223990667857068e-53,1.8188534145257062e-50
18,Nkg7,14.972422,3.6815622,1.1119676777822058e-50,1.1183217787981043e-47
18,Rgs2,14.931455,2.1750877,2.057295908639176e-50,1.9750040722936088e-47
18,Dnase2b,14.92812,9.716834,2.1627842564865747e-50,1.9860001520433242e-47
18,Lat2,14.4441,3.9197977,2.7309986148397913e-47,2.403278781059016e-44
18,Sqstm1,13.744771,1.5032758,5.4745689357511305e-43,4.44703445857938e-40
18,Car8,13.738904,6.038326,5.936754321703395e-43,4.643861158310212e-40
18,Samsn1,13.705539,2.1260371,9.406670565732784e-43,6.8506511154578075e-40
18,Gzmb,13.612457,6.464588,3.376957136242737e-42,2.377377823914887e-39
18,Ets1,13.577506,2.7866364,5.44492152880099e-42,3.7095723447831265e-39
18,Syngr1,13.39723,4.809605,6.276244665123063e-41,4.0167965856787596e-38
18,Degs1,13.389148,2.1312444,6.997908642113141e-41,4.2227380148979867e-38
18,Basp1,13.359252,2.4539168,1.0461037149791788e-40,6.137141794544515e-38
18,Mapkapk2,13.15004,2.2201798,1.7008571099604915e-39,9.708676260098805e-37
18,Cd7,13.145272,5.2646866,1.8115135850285356e-39,1.0068201819948071e-36
18,Gch1,13.001446,2.242764,1.2005222985161173e-38,6.338757736165098e-36
18,Mctp1,12.813417,2.9856594,1.3792332657678679e-37,6.774280598376132e-35
18,Zfp36l2,12.635959,1.5864701,1.3375443270438537e-36,6.420212769810498e-34
18,Vat1,12.504016,1.9785706,7.097351568958096e-36,3.331023669697667e-33
18,Sytl3,12.477,5.7700195,9.967180914299369e-36,4.576236106739188e-33
18,Rac2,12.427019,1.6410524,1.8645843595551076e-35,8.204171182042473e-33
18,Chpt1,12.197717,3.8582253,3.1966330300234124e-34,1.3502577918818893e-31
18,Gpr183,12.03309,3.1543794,2.3808224337114344e-33,9.859405843134411e-31
18,Serpinb1a,11.981576,1.9346522,4.438057440207139e-33,1.8025340987918226e-30
18,Alox5ap,11.971509,1.6936618,5.010877710767042e-33,1.9967874953094323e-30
18,Alox5,11.882496,3.6433644,1.4594343671068327e-32,5.708009969128946e-30
18,Prpf4b,11.857864,2.1530755,1.9590905199533466e-32,7.388569960966907e-30
18,Sat1,11.85384,1.1664103,2.0555068240790956e-32,7.61619370606149e-30
18,Cck,11.493357,4.928657,1.4246614489874177e-30,4.62905381578681e-28
18,Ifitm1,11.477361,1.541514,1.714347108833006e-30,5.485910748265619e-28
18,Kctd12,11.428497,2.5126157,3.012768707576162e-30,9.49696643343411e-28
18,Nucb2,11.238717,2.5909443,2.631787572059404e-29,7.828641341111918e-27
18,Enpp3,10.89394,3.086706,1.231927730384521e-27,3.4234623244369845e-25
18,Nipsnap3a,10.853519,2.3547375,1.91891504047869e-27,5.1958314942192225e-25
19,Col2a1,32.89023,9.185739,3.031818301743907e-237,6.403200253283132e-233
19,Snorc,32.360317,10.874306,9.932646893395391e-230,1.0488875119425533e-225
19,Ecrg4,31.748398,8.256457,3.3411697355977485e-221,2.352183493860815e-217
19,Hapln1,31.408663,10.129217,1.5410377646932373e-216,8.136679397580293e-213
19,Col11a1,31.387756,7.742476,2.972957037651134e-216,1.255777052703839e-212
19,Col9a3,30.367945,9.819987,1.4562899118672901e-202,5.126140489772861e-199
19,Sparc,30.303234,4.068754,1.039243781879849e-201,3.1355469533289155e-198
19,Comp,29.584885,7.241034,2.3383014870931983e-192,6.173115925926043e-189
19,Cnmd,29.037704,10.321001,2.2001796610177724e-185,5.163088271188373e-182
19,Col9a2,28.422201,9.849451,1.075310426485714e-177,2.271055620737828e-174
19,Col9a1,28.155685,9.800582,2.0415108908670527e-174,3.919700910464741e-171
19,Mgp,27.4184,6.308952,1.6551807791717668e-165,2.9131181713423097e-162
19,Cst3,26.659983,4.110151,1.3710548053278433e-156,2.2274367298864658e-153
19,Mt1,25.871914,3.937708,1.3793701620279593e-147,2.0808784158593214e-144
19,Mia,25.477192,10.085,3.528595118856067e-143,4.968261927349342e-140
19,Col11a2,24.914568,9.066834,5.173106445854366e-137,6.8285005085277625e-134
19,Fmod,24.102116,5.7856803,2.3752809240797286e-128,2.950937242150816e-125
19,Bgn,23.78341,3.2043922,4.959637460439104e-125,5.819307953581882e-122
19,Ccn2,23.099691,4.8368244,4.6630813537714575e-118,4.924213909582659e-115
19,Mt2A,22.958937,4.0708456,1.1997144765381633e-116,1.2065699878326672e-113
19,PCOLCE2,22.83318,5.8808823,2.147586774531372e-115,2.061683303550117e-112
19,Acan,21.931961,5.8707104,1.2875924098170638e-106,1.1823457258841908e-103
19,Scrg1,21.340376,10.001472,4.790782552059413e-101,4.215888645812284e-98
19,Chad,21.320833,8.917969,7.27522772548039e-101,6.146112382485833e-98
19,S100b,20.117418,6.2164445,5.194407643038462e-90,4.219457285422013e-87
19,Cox4i2,20.040545,5.3805194,2.4408176295794188e-89,1.90926179024879e-86
19,Tsc22d1,19.93779,3.3068352,1.9132972701752994e-88,1.443172798075083e-85
19,Prelp,18.72959,4.6843343,2.840999297151951e-78,2.0000635051949736e-75
19,Vkorc1,18.155783,2.88206,1.1557087411100018e-73,7.873731810401044e-71
19,Serpinh1,17.791399,2.3761973,8.239555787338516e-71,5.43810681964342e-68
19,Ucma,17.694954,8.647006,4.586112294956572e-70,2.935111868772206e-67
19,Papss2,17.617046,4.6147103,1.8227962371853587e-69,1.132278133216317e-66
19,Cpe,17.588589,5.4851913,3.0128916679996206e-69,1.8180649150900568e-66
19,Plod2,17.355667,2.8063886,1.7871053694484523e-67,1.0484351500764255e-64
19,Crispld1,17.318638,8.784954,3.4032060091469575e-67,1.9425867814373983e-64
19,Matn3,17.08887,8.232174,1.7962592074053715e-65,9.983419594842486e-63
19,Chrdl1,16.26279,5.7063155,1.8128843011644876e-59,9.817465753998456e-57
19,Rplp1,16.051516,1.1905328,5.57854143120326e-58,2.873629147000314e-55
19,Fam180a,15.954466,6.6636515,2.6523302258785295e-57,1.333743199298918e-54
19,Cd24,15.69982,2.7185376,1.5167193818079196e-55,7.449561242740293e-53
19,Col27a1,15.600562,5.370148,7.21560592787626e-55,3.4634908453806045e-52
19,Alpl,15.341663,5.2981653,4.0274301365252793e-53,1.8902072107425313e-50
19,Sox9,15.334721,5.025583,4.481973771688439e-53,2.0578105664795616e-50
19,Il17b,15.139786,7.744886,8.850136275473786e-52,3.976912300808646e-49
19,Col6a1,14.81192,2.0881512,1.2268416469301888e-49,5.287937874115425e-47
19,Serpine1,14.288545,2.5454273,2.5794355363185392e-46,1.089553570540951e-43
19,Edil3,14.269815,4.5799074,3.3746862571887582e-46,1.3975171323887563e-43
19,Pth1r,14.231235,6.2706556,5.863699697064928e-46,2.381564184654063e-43
19,Mif,14.186028,1.7365756,1.1181621695849433e-45,4.4557707587988685e-43
19,Anxa8,14.06755,5.851187,6.01164553214296e-45,2.3512213636825802e-42
